Date,Store,Actual,Predicted
2012-05-04,1,1684519.99,1.5579568e+06
2012-05-04,2,1923957.09,1.8637048e+06
2012-05-04,3,439913.57,423732.94
2012-05-04,4,2196968.33,2.1566325e+06
2012-05-04,5,360932.69,364849.34
2012-05-04,6,1543461.12,1.5460552e+06
2012-05-04,7,465198.89,500032.9
2012-05-04,8,937232.09,944974.25
2012-05-04,9,586289.08,573581.6
2012-05-04,10,1821364.42,1.8539888e+06
2012-05-04,11,1370251.22,1.3590732e+06
2012-05-04,12,1073433.69,1.0488058e+06
2012-05-04,13,1995994.51,2.0659422e+06
2012-05-04,14,1949354.29,1.9253622e+06
2012-05-04,15,577868.38,561274.75
2012-05-04,16,426959.62,435592.06
2012-05-04,17,930121.14,965301.9
2012-05-04,18,1050027.89,1.02394825e+06
2012-05-04,19,1405007.44,1.4319965e+06
2012-05-04,20,2163510.89,1.963348e+06
2012-05-04,21,697645.32,696562.4
2012-05-04,22,1005083.31,975112.06
2012-05-04,23,1317379.68,1.3790366e+06
2012-05-04,24,1306551.71,1.4139012e+06
2012-05-04,25,696421.72,667512.5
2012-05-04,26,946573.29,964018.6
2012-05-04,27,1669388.45,1.6709285e+06
2012-05-04,28,1450628.85,1.3865431e+06
2012-05-04,29,504963.84,544097.7
2012-05-04,30,454477.54,435324.06
2012-05-04,31,1391257.28,1.4097498e+06
2012-05-04,32,1187384.53,1.2395854e+06
2012-05-04,33,270497.51,286946.84
2012-05-04,34,991104.4,1.02733275e+06
2012-05-04,35,772036.6,806332.1
2012-05-04,36,312467.52,329772.03
2012-05-04,37,535311.64,526526.6
2012-05-04,38,491755.69,436374.66
2012-05-04,39,1512227.34,1.5174794e+06
2012-05-04,40,993311.59,954417.44
2012-05-04,41,1359770.73,1.3624522e+06
2012-05-04,42,609274.89,587804.9
2012-05-04,43,637964.2,627127.8
2012-05-04,44,326053.28,345445.4
2012-05-04,45,782300.68,780650.94
2012-05-11,1,1611096.05,1.5698665e+06
2012-05-11,2,1917520.99,1.9177681e+06
2012-05-11,3,431985.36,421717.97
2012-05-11,4,2127661.17,2.208443e+06
2012-05-11,5,333870.52,335412.53
2012-05-11,6,1517075.67,1.5421435e+06
2012-05-11,7,460397.41,466359.06
2012-05-11,8,920128.89,891977.44
2012-05-11,9,592572.3,563039.75
2012-05-11,10,1792345.3,1.8376329e+06
2012-05-11,11,1300147.07,1.3671955e+06
2012-05-11,12,1041995.22,1.029215e+06
2012-05-11,13,2080764.17,2.023439e+06
2012-05-11,14,1987531.05,1.9625454e+06
2012-05-11,15,579539.95,553331.7
2012-05-11,16,479855.0,436072.44
2012-05-11,17,944100.3,911345.5
2012-05-11,18,1060433.1,1.0088155e+06
2012-05-11,19,1442873.22,1.3586599e+06
2012-05-11,20,2168097.11,2.0643061e+06
2012-05-11,21,649945.54,703668.0
2012-05-11,22,997868.63,979096.4
2012-05-11,23,1321914.34,1.3247925e+06
2012-05-11,24,1355391.79,1.2936644e+06
2012-05-11,25,739866.16,693708.56
2012-05-11,26,1062548.73,953057.94
2012-05-11,27,1674306.31,1.6426628e+06
2012-05-11,28,1264575.18,1.2871164e+06
2012-05-11,29,529707.87,517590.9
2012-05-11,30,436070.45,446924.38
2012-05-11,31,1392938.06,1.3925619e+06
2012-05-11,32,1187051.07,1.1591114e+06
2012-05-11,33,295841.84,274443.12
2012-05-11,34,949625.52,981464.56
2012-05-11,35,802383.63,772061.75
2012-05-11,36,330518.34,321304.75
2012-05-11,37,527983.04,504761.88
2012-05-11,38,429914.6,445770.88
2012-05-11,39,1470792.41,1.5433285e+06
2012-05-11,40,967729.35,942098.75
2012-05-11,41,1353285.1,1.3183008e+06
2012-05-11,42,643603.69,598556.06
2012-05-11,43,640159.04,640609.4
2012-05-11,44,341381.08,327661.66
2012-05-11,45,770487.37,776541.44
2012-05-18,1,1595901.87,1.5186721e+06
2012-05-18,2,2000940.67,1.8860014e+06
2012-05-18,3,418112.76,424432.53
2012-05-18,4,2207214.81,2.213329e+06
2012-05-18,5,336189.66,329134.6
2012-05-18,6,1513635.64,1.4900109e+06
2012-05-18,7,468428.3,460955.28
2012-05-18,8,913922.01,879228.4
2012-05-18,9,571463.93,562050.94
2012-05-18,10,1795152.73,1.8193704e+06
2012-05-18,11,1352442.31,1.2967346e+06
2012-05-18,12,1020486.05,979161.2
2012-05-18,13,2131900.55,2.0441288e+06
2012-05-18,14,1932233.17,1.895579e+06
2012-05-18,15,600050.98,553038.06
2012-05-18,16,493506.47,458686.12
2012-05-18,17,968816.33,955510.8
2012-05-18,18,1047444.59,1.0204382e+06
2012-05-18,19,1366937.1,1.3397584e+06
2012-05-18,20,2039222.26,1.9827869e+06
2012-05-18,21,700554.16,658212.6
2012-05-18,22,986612.02,991312.3
2012-05-18,23,1332952.47,1.3409942e+06
2012-05-18,24,1298809.8,1.2562436e+06
2012-05-18,25,717207.19,700784.1
2012-05-18,26,978082.84,967352.5
2012-05-18,27,1707158.82,1.6355706e+06
2012-05-18,28,1213310.45,1.1868482e+06
2012-05-18,29,543706.04,521453.06
2012-05-18,30,460945.14,426652.97
2012-05-18,31,1441473.82,1.3927892e+06
2012-05-18,32,1177539.71,1.1613988e+06
2012-05-18,33,276899.95,259072.72
2012-05-18,34,998672.85,963922.9
2012-05-18,35,819196.68,757256.56
2012-05-18,36,324801.13,311898.06
2012-05-18,37,534847.96,511803.4
2012-05-18,38,412314.71,412823.6
2012-05-18,39,1522978.54,1.4821446e+06
2012-05-18,40,896295.41,934454.0
2012-05-18,41,1331514.44,1.2713822e+06
2012-05-18,42,590636.38,565616.7
2012-05-18,43,648541.81,635967.4
2012-05-18,44,334042.43,333015.28
2012-05-18,45,800842.28,753814.44
2012-05-25,1,1555444.55,1.571813e+06
2012-05-25,2,1912791.09,1.9489802e+06
2012-05-25,3,413701.29,417695.0
2012-05-25,4,2154137.67,2.1861425e+06
2012-05-25,5,341994.48,345409.9
2012-05-25,6,1603793.42,1.5451931e+06
2012-05-25,7,532739.77,494619.25
2012-05-25,8,895157.44,912293.4
2012-05-25,9,547226.0,573289.3
2012-05-25,10,1830939.1,1.9004734e+06
2012-05-25,11,1297335.87,1.3291761e+06
2012-05-25,12,991514.21,1.03068394e+06
2012-05-25,13,2043349.41,2.0958616e+06
2012-05-25,14,2030869.61,1.9488858e+06
2012-05-25,15,693780.42,603810.94
2012-05-25,16,518045.09,488815.94
2012-05-25,17,984881.59,998950.3
2012-05-25,18,1088446.58,1.0568015e+06
2012-05-25,19,1485540.28,1.3946498e+06
2012-05-25,20,2114989.0,2.0222942e+06
2012-05-25,21,722891.24,706558.1
2012-05-25,22,1047297.38,1.0193309e+06
2012-05-25,23,1552934.64,1.4132235e+06
2012-05-25,24,1407897.57,1.3014314e+06
2012-05-25,25,783371.02,720914.56
2012-05-25,26,1067310.74,1.0047649e+06
2012-05-25,27,1818906.73,1.7065695e+06
2012-05-25,28,1151214.41,1.2346481e+06
2012-05-25,29,549665.67,559136.0
2012-05-25,30,449355.91,447777.97
2012-05-25,31,1397094.26,1.4209508e+06
2012-05-25,32,1232784.22,1.2051819e+06
2012-05-25,33,261851.74,273980.25
2012-05-25,34,1015737.61,1.0126097e+06
2012-05-25,35,822167.17,811446.2
2012-05-25,36,306098.17,320387.12
2012-05-25,37,540625.79,523686.66
2012-05-25,38,422810.12,444363.47
2012-05-25,39,1596036.66,1.5402308e+06
2012-05-25,40,991054.49,949816.75
2012-05-25,41,1424500.47,1.3855706e+06
2012-05-25,42,535764.58,591198.8
2012-05-25,43,597406.39,627169.3
2012-05-25,44,343268.29,363984.78
2012-05-25,45,817741.17,796934.94
2012-06-01,1,1624477.58,1.6884314e+06
2012-06-01,2,1910092.37,1.9862338e+06
2012-06-01,3,432268.53,439493.1
2012-06-01,4,2179360.94,2.2177832e+06
2012-06-01,5,359867.8,360083.34
2012-06-01,6,1681121.38,1.6512108e+06
2012-06-01,7,598495.02,547720.9
2012-06-01,8,921161.2,942270.0
2012-06-01,9,583648.59,575816.25
2012-06-01,10,1767471.48,1.9403766e+06
2012-06-01,11,1361595.33,1.4173152e+06
2012-06-01,12,981345.2,1.0565419e+06
2012-06-01,13,2035431.39,2.087323e+06
2012-06-01,14,2049485.49,2.0650596e+06
2012-06-01,15,663971.26,657089.1
2012-06-01,16,532311.93,547188.4
2012-06-01,17,938914.28,1.01779025e+06
2012-06-01,18,1118313.7,1.0986939e+06
2012-06-01,19,1450733.29,1.5216084e+06
2012-06-01,20,2143126.59,2.2486832e+06
2012-06-01,21,695439.83,732623.4
2012-06-01,22,1102857.37,1.0724254e+06
2012-06-01,23,1476144.34,1.5055406e+06
2012-06-01,24,1467722.19,1.4407189e+06
2012-06-01,25,694765.95,769995.7
2012-06-01,26,1015853.03,1.0417299e+06
2012-06-01,27,1900638.6,1.8703911e+06
2012-06-01,28,1245480.95,1.3388115e+06
2012-06-01,29,576252.35,574433.4
2012-06-01,30,427021.18,449217.34
2012-06-01,31,1404516.29,1.4500092e+06
2012-06-01,32,1157557.79,1.2358484e+06
2012-06-01,33,261131.09,288814.72
2012-06-01,34,977062.44,1.0461431e+06
2012-06-01,35,932195.52,840138.25
2012-06-01,36,306005.53,315926.4
2012-06-01,37,531811.85,547189.75
2012-06-01,38,435579.7,449120.1
2012-06-01,39,1640476.77,1.5956275e+06
2012-06-01,40,1037464.27,1.0535976e+06
2012-06-01,41,1374891.36,1.4762338e+06
2012-06-01,42,521953.78,602922.9
2012-06-01,43,605078.62,627606.1
2012-06-01,44,323410.94,372832.1
2012-06-01,45,837144.63,819844.56
2012-06-08,1,1697230.96,1.6604659e+06
2012-06-08,2,2010216.49,1.9550079e+06
2012-06-08,3,446336.8,426569.8
2012-06-08,4,2245257.18,2.1613992e+06
2012-06-08,5,341704.59,349205.2
2012-06-08,6,1696619.52,1.6266721e+06
2012-06-08,7,642963.75,566862.56
2012-06-08,8,928820.0,919543.3
2012-06-08,9,582525.42,581075.9
2012-06-08,10,1840491.41,1.8430159e+06
2012-06-08,11,1414343.53,1.3696701e+06
2012-06-08,12,1086231.47,1.02181675e+06
2012-06-08,13,2182437.9,2.0826036e+06
2012-06-08,14,2099615.88,2.032189e+06
2012-06-08,15,611390.67,618495.44
2012-06-08,16,603618.89,547341.4
2012-06-08,17,987990.24,997045.06
2012-06-08,18,1110479.94,1.1057755e+06
2012-06-08,19,1390122.11,1.4584892e+06
2012-06-08,20,2231962.13,2.2232075e+06
2012-06-08,21,707895.72,691004.4
2012-06-08,22,1061134.37,1.0373426e+06
2012-06-08,23,1568048.54,1.432273e+06
2012-06-08,24,1406313.13,1.400446e+06
2012-06-08,25,730254.19,721261.4
2012-06-08,26,1106176.83,1.0490644e+06
2012-06-08,27,1764756.31,1.771301e+06
2012-06-08,28,1440687.69,1.3186681e+06
2012-06-08,29,554093.15,570342.0
2012-06-08,30,437222.94,436784.88
2012-06-08,31,1443285.79,1.4158129e+06
2012-06-08,32,1246322.44,1.1950292e+06
2012-06-08,33,286082.76,287330.9
2012-06-08,34,999511.29,999883.5
2012-06-08,35,873415.01,855638.5
2012-06-08,36,338273.38,317051.84
2012-06-08,37,528940.78,524399.9
2012-06-08,38,448110.25,436975.2
2012-06-08,39,1623442.24,1.6030085e+06
2012-06-08,40,1079386.88,1.0116907e+06
2012-06-08,41,1436383.84,1.4226496e+06
2012-06-08,42,642671.48,581698.6
2012-06-08,43,643032.51,625359.44
2012-06-08,44,340238.38,355793.03
2012-06-08,45,795133.0,819014.7
2012-06-15,1,1630607.0,1.6792168e+06
2012-06-15,2,1962924.3,2.0026535e+06
2012-06-15,3,442074.79,435475.22
2012-06-15,4,2234190.93,2.206514e+06
2012-06-15,5,327383.64,348331.7
2012-06-15,6,1642247.48,1.6305242e+06
2012-06-15,7,666942.02,594638.44
2012-06-15,8,916918.7,921432.3
2012-06-15,9,564606.1,576179.44
2012-06-15,10,1811562.88,1.8637968e+06
2012-06-15,11,1417875.42,1.4030845e+06
2012-06-15,12,1019555.51,1.01843144e+06
2012-06-15,13,2152229.11,2.1270322e+06
2012-06-15,14,1905733.68,2.0728858e+06
2012-06-15,15,636737.65,635150.5
2012-06-15,16,570045.79,578593.3
2012-06-15,17,964169.67,1.01342525e+06
2012-06-15,18,1057425.83,1.1123041e+06
2012-06-15,19,1440263.15,1.4028106e+06
2012-06-15,20,2165160.29,2.1221218e+06
2012-06-15,21,727049.04,722979.94
2012-06-15,22,1061219.19,1.0428161e+06
2012-06-15,23,1543667.68,1.4918991e+06
2012-06-15,24,1364445.98,1.3499859e+06
2012-06-15,25,753860.89,752619.9
2012-06-15,26,1029248.22,1.04011094e+06
2012-06-15,27,1773500.56,1.7989559e+06
2012-06-15,28,1229760.97,1.2877381e+06
2012-06-15,29,552338.76,572891.5
2012-06-15,30,438523.24,434833.6
2012-06-15,31,1431003.43,1.4416862e+06
2012-06-15,32,1234759.54,1.2423796e+06
2012-06-15,33,290444.31,289864.8
2012-06-15,34,982345.51,999870.56
2012-06-15,35,848289.41,868984.3
2012-06-15,36,333146.88,321176.8
2012-06-15,37,508573.16,521779.6
2012-06-15,38,430222.07,450549.66
2012-06-15,39,1587499.82,1.6611405e+06
2012-06-15,40,977950.28,1.00223725e+06
2012-06-15,41,1384584.59,1.4313244e+06
2012-06-15,42,606309.13,614865.2
2012-06-15,43,634815.1,647229.9
2012-06-15,44,338400.82,353596.22
2012-06-15,45,821498.18,806128.1
2012-06-22,1,1527845.81,1.6072001e+06
2012-06-22,2,1887733.21,1.9309665e+06
2012-06-22,3,419497.95,420410.03
2012-06-22,4,2197299.65,2.163307e+06
2012-06-22,5,325041.68,335782.28
2012-06-22,6,1618272.25,1.61704e+06
2012-06-22,7,687344.68,609507.7
2012-06-22,8,899449.65,893502.3
2012-06-22,9,562173.12,553191.1
2012-06-22,10,1755334.18,1.8001379e+06
2012-06-22,11,1355680.3,1.3615761e+06
2012-06-22,12,981386.25,977171.44
2012-06-22,13,2094373.0,2.0961846e+06
2012-06-22,14,1660228.88,1.9764115e+06
2012-06-22,15,687085.6,644755.4
2012-06-22,16,581745.72,568815.75
2012-06-22,17,981210.57,984570.1
2012-06-22,18,1080357.89,1.090089e+06
2012-06-22,19,1468350.36,1.4529932e+06
2012-06-22,20,2060588.69,2.0924422e+06
2012-06-22,21,735870.0,725893.75
2012-06-22,22,1112449.3,1.0501066e+06
2012-06-22,23,1522042.57,1.5269949e+06
2012-06-22,24,1434709.63,1.3683902e+06
2012-06-22,25,721601.9,732691.7
2012-06-22,26,1056282.91,1.0368148e+06
2012-06-22,27,1837884.79,1.7808432e+06
2012-06-22,28,1180671.55,1.2156196e+06
2012-06-22,29,581854.5,558771.75
2012-06-22,30,428554.63,427213.28
2012-06-22,31,1394065.76,1.3890408e+06
2012-06-22,32,1196880.11,1.2174052e+06
2012-06-22,33,261666.29,255631.92
2012-06-22,34,1000285.1,977889.9
2012-06-22,35,911696.0,837882.2
2012-06-22,36,306411.01,313143.47
2012-06-22,37,484032.75,506498.62
2012-06-22,38,405938.35,419549.53
2012-06-22,39,1532316.79,1.6068479e+06
2012-06-22,40,1033552.18,1.00838706e+06
2012-06-22,41,1386407.17,1.3722536e+06
2012-06-22,42,540031.29,554532.94
2012-06-22,43,613270.79,613474.94
2012-06-22,44,336241.0,335661.97
2012-06-22,45,822569.16,794256.94
2012-06-29,1,1540421.49,1.5819418e+06
2012-06-29,2,1881046.12,1.9168688e+06
2012-06-29,3,422965.33,418054.66
2012-06-29,4,2128362.92,2.1674805e+06
2012-06-29,5,329658.1,335504.62
2012-06-29,6,1648863.46,1.6296906e+06
2012-06-29,7,704335.41,663791.7
2012-06-29,8,878298.22,894085.8
2012-06-29,9,544770.7,554471.44
2012-06-29,10,1707481.9,1.7382014e+06
2012-06-29,11,1297028.6,1.3650385e+06
2012-06-29,12,943124.74,976524.4
2012-06-29,13,2037663.71,2.0931616e+06
2012-06-29,14,1591835.02,1.8145429e+06
2012-06-29,15,624099.48,667749.7
2012-06-29,16,570162.28,564159.3
2012-06-29,17,982322.24,983554.1
2012-06-29,18,1097006.3,1.0862254e+06
2012-06-29,19,1379652.65,1.428125e+06
2012-06-29,20,2055952.61,2.151784e+06
2012-06-29,21,716341.39,727369.6
2012-06-29,22,1053881.78,1.0853635e+06
2012-06-29,23,1451782.16,1.490666e+06
2012-06-29,24,1428869.9,1.4149939e+06
2012-06-29,25,718890.81,724903.8
2012-06-29,26,1051190.44,1.0257053e+06
2012-06-29,27,1842555.32,1.824937e+06
2012-06-29,28,1129031.98,1.2402131e+06
2012-06-29,29,555954.13,567415.94
2012-06-29,30,423192.4,424016.47
2012-06-29,31,1349202.25,1.3824776e+06
2012-06-29,32,1178211.81,1.206621e+06
2012-06-29,33,244338.31,249957.69
2012-06-29,34,942970.63,976367.4
2012-06-29,35,892133.41,885040.94
2012-06-29,36,291530.43,309809.7
2012-06-29,37,508309.81,490890.03
2012-06-29,38,404634.36,411256.53
2012-06-29,39,1492388.98,1.586048e+06
2012-06-29,40,988764.84,1.0260303e+06
2012-06-29,41,1355600.01,1.3833518e+06
2012-06-29,42,507403.77,524238.62
2012-06-29,43,593128.13,610115.4
2012-06-29,44,338386.08,325108.6
2012-06-29,45,773367.71,795500.3
2012-07-06,1,1769854.16,1.6177179e+06
2012-07-06,2,2041507.4,1.9536044e+06
2012-07-06,3,411206.5,429728.06
2012-07-06,4,2224499.28,2.1783932e+06
2012-07-06,5,341214.43,338332.47
2012-07-06,6,1876359.39,1.6479244e+06
2012-07-06,7,805642.61,690178.2
2012-07-06,8,936205.5,891467.25
2012-07-06,9,578790.36,553410.1
2012-07-06,10,1805999.79,1.8081808e+06
2012-07-06,11,1461129.94,1.3556682e+06
2012-07-06,12,1014898.78,992993.44
2012-07-06,13,2184980.35,2.1468628e+06
2012-07-06,14,1862128.95,1.7069711e+06
2012-07-06,15,678024.75,632572.5
2012-07-06,16,641763.53,601323.2
2012-07-06,17,1046782.52,1.0135967e+06
2012-07-06,18,1158247.31,1.0762654e+06
2012-07-06,19,1557120.44,1.4035738e+06
2012-07-06,20,2358055.3,2.146695e+06
2012-07-06,21,693013.59,723939.5
2012-07-06,22,1097786.14,1.0483961e+06
2012-07-06,23,1545370.16,1.5078315e+06
2012-07-06,24,1645097.75,1.390803e+06
2012-07-06,25,753385.55,731429.5
2012-07-06,26,1180470.8,1.0651962e+06
2012-07-06,27,2062224.92,1.8028429e+06
2012-07-06,28,1500863.54,1.3267475e+06
2012-07-06,29,578832.41,554144.6
2012-07-06,30,440553.42,426784.78
2012-07-06,31,1458059.42,1.3772256e+06
2012-07-06,32,1214183.97,1.2114592e+06
2012-07-06,33,273690.37,276207.8
2012-07-06,34,1007867.68,971399.6
2012-07-06,35,985479.64,855241.5
2012-07-06,36,306578.89,303153.25
2012-07-06,37,519498.32,511021.4
2012-07-06,38,471086.22,415915.75
2012-07-06,39,1659221.99,1.5740379e+06
2012-07-06,40,1182901.56,1.0333213e+06
2012-07-06,41,1456300.89,1.378372e+06
2012-07-06,42,618702.09,576914.94
2012-07-06,43,645618.59,613547.06
2012-07-06,44,358461.58,340660.12
2012-07-06,45,843361.1,783297.3
2012-07-13,1,1527014.04,1.5980185e+06
2012-07-13,2,1830075.13,1.9021328e+06
2012-07-13,3,416913.1,416483.44
2012-07-13,4,2100252.61,2.1409505e+06
2012-07-13,5,316203.64,326589.25
2012-07-13,6,1588142.26,1.6153968e+06
2012-07-13,7,694150.89,701202.56
2012-07-13,8,890488.01,880212.0
2012-07-13,9,536537.64,554559.4
2012-07-13,10,1765571.91,1.808789e+06
2012-07-13,11,1320239.51,1.3732945e+06
2012-07-13,12,960312.75,970798.7
2012-07-13,13,2002750.99,2.079216e+06
2012-07-13,14,1544422.35,1.7723495e+06
2012-07-13,15,591335.5,644781.94
2012-07-13,16,569005.06,584026.06
2012-07-13,17,960746.04,982922.7
2012-07-13,18,1024784.92,1.073405e+06
2012-07-13,19,1321741.35,1.4279188e+06
2012-07-13,20,2134680.12,2.0509314e+06
2012-07-13,21,668132.36,690158.8
2012-07-13,22,971361.38,1.0362291e+06
2012-07-13,23,1384921.63,1.4978306e+06
2012-07-13,24,1405475.78,1.3983789e+06
2012-07-13,25,714093.95,731534.75
2012-07-13,26,1063149.78,1.04117125e+06
2012-07-13,27,1755889.53,1.8013339e+06
2012-07-13,28,1179915.04,1.2315806e+06
2012-07-13,29,514709.76,547716.2
2012-07-13,30,417640.34,420711.3
2012-07-13,31,1374301.34,1.3903412e+06
2012-07-13,32,1141184.66,1.1967862e+06
2012-07-13,33,287033.64,268241.5
2012-07-13,34,954677.75,972839.5
2012-07-13,35,825763.48,887459.4
2012-07-13,36,298337.41,310492.06
2012-07-13,37,506005.47,494500.75
2012-07-13,38,416036.75,438265.2
2012-07-13,39,1471261.76,1.5474138e+06
2012-07-13,40,979848.71,964775.7
2012-07-13,41,1332594.07,1.404018e+06
2012-07-13,42,628099.08,601626.4
2012-07-13,43,627634.04,616495.7
2012-07-13,44,336479.49,331412.53
2012-07-13,45,749817.08,793992.56
2012-07-20,1,1497954.76,1.5080969e+06
2012-07-20,2,1819666.46,1.8610394e+06
2012-07-20,3,432424.85,405185.25
2012-07-20,4,2175563.69,2.1444852e+06
2012-07-20,5,321205.12,326113.34
2012-07-20,6,1574361.97,1.552122e+06
2012-07-20,7,686345.69,670512.3
2012-07-20,8,888834.07,872616.6
2012-07-20,9,513991.57,523697.25
2012-07-20,10,1869967.03,1.7756075e+06
2012-07-20,11,1344483.81,1.3220104e+06
2012-07-20,12,941550.34,960017.8
2012-07-20,13,2053089.32,1.99382e+06
2012-07-20,14,1553250.16,1.5879225e+06
2012-07-20,15,592369.22,602909.06
2012-07-20,16,565297.54,561740.4
2012-07-20,17,944698.7,964102.1
2012-07-20,18,1033543.56,1.0332935e+06
2012-07-20,19,1317672.92,1.3643852e+06
2012-07-20,20,1970170.29,2.0197449e+06
2012-07-20,21,691200.33,653232.2
2012-07-20,22,991969.37,983234.25
2012-07-20,23,1381339.23,1.4129602e+06
2012-07-20,24,1394299.0,1.3606926e+06
2012-07-20,25,685676.58,709125.94
2012-07-20,26,1049625.9,1.03151506e+06
2012-07-20,27,1730913.66,1.7292215e+06
2012-07-20,28,1149427.48,1.1820055e+06
2012-07-20,29,506705.36,518144.22
2012-07-20,30,427491.04,411546.78
2012-07-20,31,1392395.2,1.3722994e+06
2012-07-20,32,1167829.33,1.1450481e+06
2012-07-20,33,253205.89,250531.56
2012-07-20,34,950929.59,951465.5
2012-07-20,35,841224.74,832874.5
2012-07-20,36,303289.55,310640.34
2012-07-20,37,503744.56,489115.2
2012-07-20,38,441683.74,414759.5
2012-07-20,39,1582168.27,1.4838278e+06
2012-07-20,40,968502.38,965889.1
2012-07-20,41,1347175.93,1.3466809e+06
2012-07-20,42,530318.39,562504.3
2012-07-20,43,596554.05,609328.4
2012-07-20,44,337819.16,332481.9
2012-07-20,45,737613.65,759647.06
2012-07-27,1,1439123.71,1.4964675e+06
2012-07-27,2,1757923.88,1.8463486e+06
2012-07-27,3,389427.9,401795.6
2012-07-27,4,2048613.65,2.104823e+06
2012-07-27,5,306827.36,319315.78
2012-07-27,6,1513229.16,1.5284272e+06
2012-07-27,7,686365.4,662209.5
2012-07-27,8,838227.52,866445.0
2012-07-27,9,495951.0,505612.94
2012-07-27,10,1817603.66,1.805421e+06
2012-07-27,11,1272395.02,1.3149615e+06
2012-07-27,12,916967.92,934846.94
2012-07-27,13,1914430.53,2.0013012e+06
2012-07-27,14,1479514.66,1.5562262e+06
2012-07-27,15,571190.83,596716.8
2012-07-27,16,539337.87,553311.94
2012-07-27,17,907493.24,960058.75
2012-07-27,18,924506.26,1.0326207e+06
2012-07-27,19,1248915.43,1.3070735e+06
2012-07-27,20,1911559.1,1.9546879e+06
2012-07-27,21,677789.14,674125.4
2012-07-27,22,925731.21,976200.9
2012-07-27,23,1322932.36,1.3758402e+06
2012-07-27,24,1307339.14,1.3424049e+06
2012-07-27,25,659109.53,684903.25
2012-07-27,26,1031745.14,1.0235351e+06
2012-07-27,27,1625883.71,1.6792944e+06
2012-07-27,28,1135035.09,1.1509535e+06
2012-07-27,29,475158.24,513744.38
2012-07-27,30,424581.17,409799.16
2012-07-27,31,1303732.36,1.3528408e+06
2012-07-27,32,1144901.52,1.1424632e+06
2012-07-27,33,249134.32,233803.62
2012-07-27,34,917883.79,928264.75
2012-07-27,35,808030.15,824559.75
2012-07-27,36,279643.43,304351.25
2012-07-27,37,514489.17,487699.97
2012-07-27,38,407186.47,409951.03
2012-07-27,39,1487797.54,1.4802591e+06
2012-07-27,40,954396.85,925221.5
2012-07-27,41,1344723.97,1.3331172e+06
2012-07-27,42,516352.21,502166.78
2012-07-27,43,572447.52,591825.75
2012-07-27,44,319855.26,326226.94
2012-07-27,45,711671.58,742046.94
2012-08-03,1,1631135.79,1.5570401e+06
2012-08-03,2,1946104.64,1.9173068e+06
2012-08-03,3,419990.29,437978.4
2012-08-03,4,2174514.13,2.2063655e+06
2012-08-03,5,324195.17,357887.03
2012-08-03,6,1627274.93,1.6317864e+06
2012-08-03,7,680954.81,718229.44
2012-08-03,8,897076.73,913545.9
2012-08-03,9,533887.54,541943.1
2012-08-03,10,1939440.09,1.89651e+06
2012-08-03,11,1399341.07,1.4221222e+06
2012-08-03,12,958667.23,973197.9
2012-08-03,13,2044148.23,2.0752888e+06
2012-08-03,14,1656886.46,1.6026426e+06
2012-08-03,15,590739.62,616914.56
2012-08-03,16,584000.71,573818.0
2012-08-03,17,877813.33,978887.6
2012-08-03,18,1052066.58,991554.3
2012-08-03,19,1342123.78,1.3958355e+06
2012-08-03,20,2094515.71,2.040533e+06
2012-08-03,21,693785.85,702674.94
2012-08-03,22,1007257.83,987198.8
2012-08-03,23,1416926.31,1.4388269e+06
2012-08-03,24,1440374.13,1.4612431e+06
2012-08-03,25,709724.6,677882.0
2012-08-03,26,1090915.09,1.0915194e+06
2012-08-03,27,1705810.84,1.7541796e+06
2012-08-03,28,1376520.1,1.420312e+06
2012-08-03,29,504754.74,525686.75
2012-08-03,30,425136.55,440289.94
2012-08-03,31,1390174.63,1.4296096e+06
2012-08-03,32,1183571.35,1.1930656e+06
2012-08-03,33,258533.12,288109.8
2012-08-03,34,973250.41,967939.8
2012-08-03,35,866216.36,881329.4
2012-08-03,36,304989.97,325654.47
2012-08-03,37,521959.28,531667.25
2012-08-03,38,469311.17,437866.72
2012-08-03,39,1608277.74,1.5939088e+06
2012-08-03,40,1068346.76,1.0017548e+06
2012-08-03,41,1439607.35,1.4248784e+06
2012-08-03,42,573084.71,581913.9
2012-08-03,43,614378.94,629451.94
2012-08-03,44,342385.38,358418.88
2012-08-03,45,725729.51,758640.06
2012-08-10,1,1592409.97,1.5654209e+06
2012-08-10,2,1866719.96,1.9246606e+06
2012-08-10,3,391811.6,419477.6
2012-08-10,4,2193367.69,2.1372192e+06
2012-08-10,5,306759.7,326900.72
2012-08-10,6,1588380.73,1.619326e+06
2012-08-10,7,675926.3,689880.06
2012-08-10,8,930745.69,872484.06
2012-08-10,9,538713.47,531590.5
2012-08-10,10,1880436.94,1.8686042e+06
2012-08-10,11,1388973.65,1.3915335e+06
2012-08-10,12,984689.9,957687.1
2012-08-10,13,2041019.92,2.0248949e+06
2012-08-10,14,1648570.03,1.6360221e+06
2012-08-10,15,590453.63,591942.94
2012-08-10,16,554036.84,566958.94
2012-08-10,17,849074.04,937819.7
2012-08-10,18,967304.07,1.0182494e+06
2012-08-10,19,1408907.89,1.3480172e+06
2012-08-10,20,2144245.39,2.0750648e+06
2012-08-10,21,700272.01,699572.94
2012-08-10,22,973812.79,999839.25
2012-08-10,23,1436311.76,1.4355442e+06
2012-08-10,24,1497054.81,1.437475e+06
2012-08-10,25,710496.97,714635.5
2012-08-10,26,1121476.51,1.0503265e+06
2012-08-10,27,1720537.26,1.7185285e+06
2012-08-10,28,1269113.41,1.2474645e+06
2012-08-10,29,518628.42,505925.47
2012-08-10,30,430878.28,423401.44
2012-08-10,31,1386472.59,1.4114791e+06
2012-08-10,32,1227469.2,1.1834009e+06
2012-08-10,33,297753.49,279591.56
2012-08-10,34,1004523.59,960265.6
2012-08-10,35,888368.8,841471.44
2012-08-10,36,298947.51,312987.16
2012-08-10,37,500964.59,506632.84
2012-08-10,38,436690.13,444925.44
2012-08-10,39,1641867.92,1.5395832e+06
2012-08-10,40,1007906.43,1.00939294e+06
2012-08-10,41,1504545.94,1.4094255e+06
2012-08-10,42,576620.31,594091.4
2012-08-10,43,643558.78,620311.25
2012-08-10,44,333594.81,334718.03
2012-08-10,45,733037.32,756623.0
2012-08-17,1,1597868.05,1.5434321e+06
2012-08-17,2,1928016.01,1.917934e+06
2012-08-17,3,394918.83,410960.3
2012-08-17,4,2283540.3,2.1944395e+06
2012-08-17,5,314014.18,330658.12
2012-08-17,6,1543049.52,1.6008191e+06
2012-08-17,7,642450.4,689212.8
2012-08-17,8,896613.19,898994.56
2012-08-17,9,535153.47,549797.56
2012-08-17,10,1827797.4,1.8909678e+06
2012-08-17,11,1421307.2,1.4184332e+06
2012-08-17,12,1005003.12,969604.75
2012-08-17,13,2095769.18,2.0346606e+06
2012-08-17,14,1660433.3,1.6583165e+06
2012-08-17,15,579738.2,591854.94
2012-08-17,16,521896.6,570091.8
2012-08-17,17,844928.17,934220.6
2012-08-17,18,1048134.24,1.00744125e+06
2012-08-17,19,1375101.26,1.3898334e+06
2012-08-17,20,2045061.22,2.0273686e+06
2012-08-17,21,751963.81,720835.1
2012-08-17,22,981273.26,1.0147593e+06
2012-08-17,23,1510131.45,1.455031e+06
2012-08-17,24,1397970.54,1.4463228e+06
2012-08-17,25,728467.72,713286.9
2012-08-17,26,1068292.56,1.0700525e+06
2012-08-17,27,1735339.59,1.7068402e+06
2012-08-17,28,1184198.41,1.2219618e+06
2012-08-17,29,416881.66,525337.75
2012-08-17,30,423351.15,429154.94
2012-08-17,31,1410181.7,1.4176682e+06
2012-08-17,32,1261306.37,1.2244472e+06
2012-08-17,33,270097.76,268617.38
2012-08-17,34,1013820.86,969691.44
2012-08-17,35,887979.47,874352.3
2012-08-17,36,314607.22,324884.88
2012-08-17,37,509633.71,506834.2
2012-08-17,38,411866.46,427492.28
2012-08-17,39,1720221.91,1.6205824e+06
2012-08-17,40,969387.48,1.0138724e+06
2012-08-17,41,1560590.05,1.447623e+06
2012-08-17,42,575997.78,553834.0
2012-08-17,43,640210.85,633870.1
2012-08-17,44,327389.51,343140.2
2012-08-17,45,722496.93,762373.1
2012-08-24,1,1494122.38,1.5383342e+06
2012-08-24,2,1876788.15,1.930682e+06
2012-08-24,3,412449.67,432903.0
2012-08-24,4,2125241.68,2.1032432e+06
2012-08-24,5,320831.36,346027.38
2012-08-24,6,1501095.49,1.5679149e+06
2012-08-24,7,609099.37,666643.25
2012-08-24,8,936373.65,911868.6
2012-08-24,9,572887.78,552332.44
2012-08-24,10,1764984.15,1.9004982e+06
2012-08-24,11,1409515.73,1.4231801e+06
2012-08-24,12,1048101.39,974135.25
2012-08-24,13,2059458.25,2.0600641e+06
2012-08-24,14,1621841.33,1.6196039e+06
2012-08-24,15,606210.77,586150.3
2012-08-24,16,551152.15,547770.0
2012-08-24,17,924299.78,897237.6
2012-08-24,18,1145840.91,1.02042706e+06
2012-08-24,19,1544653.37,1.3763575e+06
2012-08-24,20,2005341.43,1.9783502e+06
2012-08-24,21,802003.61,769217.8
2012-08-24,22,1060906.75,1.0118698e+06
2012-08-24,23,1702220.96,1.5091492e+06
2012-08-24,24,1303726.54,1.400372e+06
2012-08-24,25,756527.64,742216.75
2012-08-24,26,1022704.2,1.0867214e+06
2012-08-24,27,1780443.36,1.7496681e+06
2012-08-24,28,1199309.59,1.2260469e+06
2012-08-24,29,615026.15,481095.72
2012-08-24,30,425296.65,438874.0
2012-08-24,31,1379783.21,1.4023768e+06
2012-08-24,32,1272809.11,1.2346902e+06
2012-08-24,33,247672.56,258475.84
2012-08-24,34,926250.21,996074.1
2012-08-24,35,895274.72,890844.3
2012-08-24,36,282545.55,338292.03
2012-08-24,37,522665.04,528317.4
2012-08-24,38,397428.22,425730.78
2012-08-24,39,1724669.75,1.6042331e+06
2012-08-24,40,945318.47,1.0158814e+06
2012-08-24,41,1464462.85,1.4611176e+06
2012-08-24,42,535537.03,557258.56
2012-08-24,43,598234.64,627801.8
2012-08-24,44,337985.74,338692.88
2012-08-24,45,718232.26,769974.75
2012-08-31,1,1582083.4,1.6054445e+06
2012-08-31,2,1947083.3,1.9389696e+06
2012-08-31,3,408838.73,434122.44
2012-08-31,4,2081181.35,2.2143498e+06
2012-08-31,5,344642.01,347307.75
2012-08-31,6,1577439.81,1.5995288e+06
2012-08-31,7,586467.16,651242.06
2012-08-31,8,976137.73,913508.06
2012-08-31,9,576879.15,580094.8
2012-08-31,10,1650285.54,1.8614242e+06
2012-08-31,11,1372872.35,1.4367788e+06
2012-08-31,12,1061943.49,997945.25
2012-08-31,13,2073855.42,2.0502774e+06
2012-08-31,14,1613342.19,1.6618531e+06
2012-08-31,15,610185.32,616936.9
2012-08-31,16,551837.31,564105.75
2012-08-31,17,865924.2,906627.44
2012-08-31,18,1117097.23,1.071521e+06
2012-08-31,19,1542719.87,1.4401668e+06
2012-08-31,20,2062481.56,2.0332645e+06
2012-08-31,21,763867.59,790125.75
2012-08-31,22,1022270.86,1.044626e+06
2012-08-31,23,1577468.78,1.5400008e+06
2012-08-31,24,1344558.92,1.4021769e+06
2012-08-31,25,714828.73,761185.94
2012-08-31,26,1053495.51,1.0884682e+06
2012-08-31,27,1731935.43,1.8415489e+06
2012-08-31,28,1227118.75,1.3746089e+06
2012-08-31,29,545844.91,580859.6
2012-08-31,30,439132.5,442459.5
2012-08-31,31,1373651.49,1.431503e+06
2012-08-31,32,1183979.27,1.2506549e+06
2012-08-31,33,237129.81,259044.66
2012-08-31,34,933487.71,946504.25
2012-08-31,35,931278.97,887531.2
2012-08-31,36,282647.48,338288.88
2012-08-31,37,538344.1,535660.56
2012-08-31,38,424904.95,431470.5
2012-08-31,39,1710923.94,1.6737441e+06
2012-08-31,40,987264.67,1.02663325e+06
2012-08-31,41,1360517.52,1.4638254e+06
2012-08-31,42,504760.57,550764.56
2012-08-31,43,593141.29,632859.2
2012-08-31,44,339490.69,345428.44
2012-08-31,45,734297.87,753284.9
2012-09-07,1,1661767.33,1.5699858e+06
2012-09-07,2,1898777.07,1.8990034e+06
2012-09-07,3,408229.73,436302.53
2012-09-07,4,2125104.72,2.210348e+06
2012-09-07,5,350648.91,358593.34
2012-09-07,6,1608077.01,1.5879688e+06
2012-09-07,7,597876.55,615753.4
2012-09-07,8,932160.37,941913.5
2012-09-07,9,565812.29,578414.5
2012-09-07,10,1708283.28,1.8045306e+06
2012-09-07,11,1304584.4,1.4281314e+06
2012-09-07,12,955146.04,991706.5
2012-09-07,13,2165796.31,2.024605e+06
2012-09-07,14,1904512.34,1.6270795e+06
2012-09-07,15,587259.82,641256.56
2012-09-07,16,537138.58,559107.6
2012-09-07,17,1255633.29,1.00731856e+06
2012-09-07,18,1083521.24,1.0242788e+06
2012-09-07,19,1497073.82,1.5293788e+06
2012-09-07,20,2080529.06,2.1355562e+06
2012-09-07,21,642827.29,771859.6
2012-09-07,22,996628.8,1.0292926e+06
2012-09-07,23,1427162.26,1.5918306e+06
2012-09-07,24,1477134.75,1.4300524e+06
2012-09-07,25,671482.9,755481.06
2012-09-07,26,1081874.03,1.1037699e+06
2012-09-07,27,1840955.23,1.8159788e+06
2012-09-07,28,1469693.99,1.3330715e+06
2012-09-07,29,540811.85,565174.4
2012-09-07,30,433565.77,428736.3
2012-09-07,31,1358111.62,1.4126944e+06
2012-09-07,32,1126685.95,1.1782104e+06
2012-09-07,33,286428.78,271355.7
2012-09-07,34,976415.56,976664.0
2012-09-07,35,984833.35,937275.56
2012-09-07,36,293728.57,316923.78
2012-09-07,37,526838.14,527771.44
2012-09-07,38,490274.82,428388.7
2012-09-07,39,1609811.75,1.646737e+06
2012-09-07,40,1088248.4,1.04664225e+06
2012-09-07,41,1392143.82,1.3645044e+06
2012-09-07,42,617405.35,575450.6
2012-09-07,43,663814.18,619214.6
2012-09-07,44,338737.33,335737.3
2012-09-07,45,766512.66,810674.3
2012-09-14,1,1517428.87,1.5648778e+06
2012-09-14,2,1814806.63,1.8284614e+06
2012-09-14,3,407589.16,405273.3
2012-09-14,4,2117854.6,2.1119848e+06
2012-09-14,5,299800.67,332171.44
2012-09-14,6,1375166.86,1.500405e+06
2012-09-14,7,541120.2,589564.56
2012-09-14,8,883569.38,870113.25
2012-09-14,9,523427.35,546062.8
2012-09-14,10,1640168.99,1.6928579e+06
2012-09-14,11,1267675.05,1.3143425e+06
2012-09-14,12,885892.37,929151.5
2012-09-14,13,1919917.03,2.0003415e+06
2012-09-14,14,1554794.22,1.5204252e+06
2012-09-14,15,527509.76,557191.4
2012-09-14,16,526525.16,503253.12
2012-09-14,17,1071040.22,928869.56
2012-09-14,18,960476.1,1.017685e+06
2012-09-14,19,1370653.41,1.3776778e+06
2012-09-14,20,2047949.98,1.963201e+06
2012-09-14,21,628494.63,646442.8
2012-09-14,22,918049.28,960107.94
2012-09-14,23,1279041.64,1.3524151e+06
2012-09-14,24,1242909.53,1.3330595e+06
2012-09-14,25,657241.63,637451.75
2012-09-14,26,986131.94,1.0105522e+06
2012-09-14,27,1519604.5,1.7635535e+06
2012-09-14,28,1124660.77,1.2084718e+06
2012-09-14,29,475127.18,501107.2
2012-09-14,30,437773.31,412351.16
2012-09-14,31,1327705.44,1.3117524e+06
2012-09-14,32,1156377.47,1.1507509e+06
2012-09-14,33,277417.53,260414.33
2012-09-14,34,955211.7,933287.0
2012-09-14,35,821568.64,887508.1
2012-09-14,36,301893.63,309088.62
2012-09-14,37,514651.74,495574.47
2012-09-14,38,430944.39,435785.06
2012-09-14,39,1447614.08,1.5893102e+06
2012-09-14,40,901709.82,950976.56
2012-09-14,41,1306644.25,1.3269579e+06
2012-09-14,42,586737.66,565064.1
2012-09-14,43,625196.94,610609.0
2012-09-14,44,347726.67,327794.16
2012-09-14,45,702238.27,720823.7
2012-09-21,1,1506126.06,1.4603156e+06
2012-09-21,2,1829415.67,1.8155641e+06
2012-09-21,3,414392.09,407993.72
2012-09-21,4,2119438.53,2.0439338e+06
2012-09-21,5,307306.76,324013.12
2012-09-21,6,1425603.65,1.3842001e+06
2012-09-21,7,530842.25,532307.8
2012-09-21,8,857796.45,864338.3
2012-09-21,9,533756.88,520759.62
2012-09-21,10,1671857.57,1.6568914e+06
2012-09-21,11,1326132.98,1.2819235e+06
2012-09-21,12,922735.37,893912.56
2012-09-21,13,1938379.66,1.924901e+06
2012-09-21,14,1565352.46,1.4884952e+06
2012-09-21,15,533161.64,510951.7
2012-09-21,16,509942.56,498716.8
2012-09-21,17,938303.28,949960.4
2012-09-21,18,971386.65,968494.9
2012-09-21,19,1338572.29,1.3635505e+06
2012-09-21,20,2028587.24,1.953894e+06
2012-09-21,21,667151.46,644790.1
2012-09-21,22,921612.53,930548.44
2012-09-21,23,1338627.55,1.3240418e+06
2012-09-21,24,1261158.47,1.19801e+06
2012-09-21,25,664745.2,625655.06
2012-09-21,26,961084.08,976507.6
2012-09-21,27,1557485.75,1.4943835e+06
2012-09-21,28,1135340.19,1.119754e+06
2012-09-21,29,489079.23,481996.53
2012-09-21,30,443891.64,416427.4
2012-09-21,31,1373064.87,1.3024954e+06
2012-09-21,32,1159119.6,1.143843e+06
2012-09-21,33,252709.58,244014.39
2012-09-21,34,943047.78,917962.2
2012-09-21,35,772302.94,825995.3
2012-09-21,36,293804.45,311303.1
2012-09-21,37,521320.98,503762.4
2012-09-21,38,409600.98,412523.75
2012-09-21,39,1555672.51,1.4674071e+06
2012-09-21,40,899768.4,906754.7
2012-09-21,41,1276609.36,1.2842318e+06
2012-09-21,42,527165.7,542842.25
2012-09-21,43,601990.02,605058.25
2012-09-21,44,336017.6,333443.34
2012-09-21,45,723086.2,690053.3
2012-09-28,1,1437059.26,1.4892765e+06
2012-09-28,2,1746470.56,1.8091388e+06
2012-09-28,3,389813.02,405239.53
2012-09-28,4,2027620.23,2.0537318e+06
2012-09-28,5,310141.68,325157.22
2012-09-28,6,1369131.46,1.4088039e+06
2012-09-28,7,525545.76,513743.12
2012-09-28,8,884724.41,876564.0
2012-09-28,9,516361.06,515702.5
2012-09-28,10,1694862.41,1.6042298e+06
2012-09-28,11,1227430.73,1.3112115e+06
2012-09-28,12,880415.67,887134.5
2012-09-28,13,1927664.11,1.9449708e+06
2012-09-28,14,1522512.2,1.4781258e+06
2012-09-28,15,553901.97,504279.8
2012-09-28,16,469607.73,497114.1
2012-09-28,17,972716.24,927192.9
2012-09-28,18,1002856.2,966049.25
2012-09-28,19,1338299.02,1.3270639e+06
2012-09-28,20,2008350.58,1.9610989e+06
2012-09-28,21,647097.65,641707.06
2012-09-28,22,976479.51,916665.94
2012-09-28,23,1319035.06,1.2808556e+06
2012-09-28,24,1259278.36,1.2142436e+06
2012-09-28,25,683300.84,623706.9
2012-09-28,26,964726.37,953356.94
2012-09-28,27,1540687.63,1.50641e+06
2012-09-28,28,1129508.61,1.1415055e+06
2012-09-28,29,489674.23,479974.66
2012-09-28,30,425410.04,423522.38
2012-09-28,31,1279080.58,1.3140701e+06
2012-09-28,32,1157111.15,1.1226206e+06
2012-09-28,33,242813.51,240542.81
2012-09-28,34,928629.31,920904.7
2012-09-28,35,814099.86,789156.44
2012-09-28,36,270677.98,306267.3
2012-09-28,37,527953.14,503226.38
2012-09-28,38,398468.08,414072.62
2012-09-28,39,1495607.07,1.5084269e+06
2012-09-28,40,919595.44,890362.4
2012-09-28,41,1307928.01,1.2562262e+06
2012-09-28,42,505978.46,507743.3
2012-09-28,43,577792.32,595834.3
2012-09-28,44,355307.94,334180.84
2012-09-28,45,713173.95,706981.9
2012-10-05,1,1670785.97,1.6137825e+06
2012-10-05,2,1998321.04,1.9065472e+06
2012-10-05,3,443557.65,429383.9
2012-10-05,4,2209835.43,2.1679545e+06
2012-10-05,5,343048.29,348625.38
2012-10-05,6,1518177.71,1.5380069e+06
2012-10-05,7,505830.56,563273.06
2012-10-05,8,976436.02,947774.2
2012-10-05,9,606755.3,558812.2
2012-10-05,10,1758971.38,1.7841296e+06
2012-10-05,11,1422794.26,1.397658e+06
2012-10-05,12,979825.92,971745.75
2012-10-05,13,2041918.74,2.1170355e+06
2012-10-05,14,1687592.16,1.649536e+06
2012-10-05,15,573498.64,568646.9
2012-10-05,16,471281.68,518781.12
2012-10-05,17,952609.17,1.0602325e+06
2012-10-05,18,1092204.79,1.0702975e+06
2012-10-05,19,1408016.1,1.4630378e+06
2012-10-05,20,2246411.89,2.0809081e+06
2012-10-05,21,651768.91,688345.4
2012-10-05,22,1009887.36,1.02236844e+06
2012-10-05,23,1464616.59,1.4571424e+06
2012-10-05,24,1416720.54,1.4071476e+06
2012-10-05,25,699536.73,719978.1
2012-10-05,26,1095504.26,1.0682312e+06
2012-10-05,27,1591816.88,1.6412308e+06
2012-10-05,28,1462941.03,1.3708056e+06
2012-10-05,29,520632.8,525003.9
2012-10-05,30,446751.45,447499.8
2012-10-05,31,1363365.05,1.4308769e+06
2012-10-05,32,1202775.24,1.2122654e+06
2012-10-05,33,265444.9,276456.38
2012-10-05,34,968896.68,986713.06
2012-10-05,35,866064.4,899868.8
2012-10-05,36,277137.86,330641.5
2012-10-05,37,546122.37,546490.75
2012-10-05,38,458479.01,444623.38
2012-10-05,39,1574408.67,1.6208059e+06
2012-10-05,40,1069112.0,984926.3
2012-10-05,41,1400160.95,1.4360905e+06
2012-10-05,42,593162.53,593359.6
2012-10-05,43,642614.89,654093.7
2012-10-05,44,337390.44,367883.84
2012-10-05,45,733455.07,757538.56
2012-10-12,1,1573072.81,1.5514254e+06
2012-10-12,2,1900745.13,1.8510054e+06
2012-10-12,3,410804.39,410822.0
2012-10-12,4,2133026.07,2.17254e+06
2012-10-12,5,325345.41,321576.1
2012-10-12,6,1459396.84,1.4621595e+06
2012-10-12,7,503463.93,518134.6
2012-10-12,8,927511.99,921374.5
2012-10-12,9,558464.8,556840.6
2012-10-12,10,1713889.11,1.7308899e+06
2012-10-12,11,1311965.09,1.3255632e+06
2012-10-12,12,934917.47,937378.25
2012-10-12,13,1999079.44,2.0707695e+06
2012-10-12,14,1639585.61,1.6273009e+06
2012-10-12,15,551799.63,554530.0
2012-10-12,16,491817.19,490157.1
2012-10-12,17,919878.34,1.0034752e+06
2012-10-12,18,1074079.0,996830.2
2012-10-12,19,1352809.5,1.3911889e+06
2012-10-12,20,2162951.36,2.0832379e+06
2012-10-12,21,653043.44,651169.5
2012-10-12,22,1004039.84,966726.25
2012-10-12,23,1412925.25,1.3904895e+06
2012-10-12,24,1416301.17,1.3392179e+06
2012-10-12,25,697317.41,721587.8
2012-10-12,26,1044639.69,1.00772006e+06
2012-10-12,27,1660081.29,1.6111801e+06
2012-10-12,28,1205536.71,1.2329358e+06
2012-10-12,29,513737.0,511170.97
2012-10-12,30,434593.26,436187.22
2012-10-12,31,1401113.42,1.3642912e+06
2012-10-12,32,1176681.31,1.1820674e+06
2012-10-12,33,291781.15,267783.78
2012-10-12,34,948613.39,974812.7
2012-10-12,35,873643.14,830841.75
2012-10-12,36,300236.85,307598.47
2012-10-12,37,521810.75,527995.75
2012-10-12,38,437320.66,432117.16
2012-10-12,39,1494417.07,1.5073316e+06
2012-10-12,40,982523.26,961354.75
2012-10-12,41,1409544.97,1.3729808e+06
2012-10-12,42,612379.9,550031.8
2012-10-12,43,619369.72,639324.0
2012-10-12,44,337796.13,349904.62
2012-10-12,45,734464.36,752861.7
2012-10-19,1,1508068.77,1.564261e+06
2012-10-19,2,1847990.41,1.8948476e+06
2012-10-19,3,424513.08,429278.0
2012-10-19,4,2097266.85,2.220717e+06
2012-10-19,5,313358.15,349779.6
2012-10-19,6,1436883.99,1.4831345e+06
2012-10-19,7,516424.83,541837.56
2012-10-19,8,900309.75,923784.56
2012-10-19,9,542009.46,572824.9
2012-10-19,10,1734834.82,1.7824261e+06
2012-10-19,11,1232073.18,1.370878e+06
2012-10-19,12,960945.43,950764.1
2012-10-19,13,2018010.15,2.1063508e+06
2012-10-19,14,1590274.72,1.6862558e+06
2012-10-19,15,555652.77,572459.9
2012-10-19,16,577198.97,519595.28
2012-10-19,17,957356.84,965842.0
2012-10-19,18,1048706.75,1.027267e+06
2012-10-19,19,1321102.35,1.386742e+06
2012-10-19,20,1999363.49,2.0861902e+06
2012-10-19,21,641368.14,687128.1
2012-10-19,22,978027.95,1.0011349e+06
2012-10-19,23,1363155.77,1.4433915e+06
2012-10-19,24,1255414.84,1.3696041e+06
2012-10-19,25,685531.85,714958.4
2012-10-19,26,975578.02,1.00895956e+06
2012-10-19,27,1620374.24,1.66692e+06
2012-10-19,28,1143724.48,1.2119395e+06
2012-10-19,29,516909.24,525463.9
2012-10-19,30,437537.29,434342.28
2012-10-19,31,1378730.45,1.396977e+06
2012-10-19,32,1199292.06,1.18737e+06
2012-10-19,33,254412.34,249113.19
2012-10-19,34,963516.28,971882.3
2012-10-19,35,829284.67,857725.56
2012-10-19,36,287360.05,321595.78
2012-10-19,37,551969.1,523111.53
2012-10-19,38,428806.46,423625.12
2012-10-19,39,1577486.33,1.6001248e+06
2012-10-19,40,918170.5,974281.4
2012-10-19,41,1326197.24,1.3734459e+06
2012-10-19,42,541406.98,562950.8
2012-10-19,43,623919.23,638793.6
2012-10-19,44,323766.77,349134.34
2012-10-19,45,718125.53,765394.06
2012-10-26,1,1493659.74,1.545566e+06
2012-10-26,2,1834458.35,1.880253e+06
2012-10-26,3,405432.7,433096.03
2012-10-26,4,2149594.46,2.185029e+06
2012-10-26,5,319550.77,345493.4
2012-10-26,6,1431426.34,1.47151e+06
2012-10-26,7,495543.28,547245.3
2012-10-26,8,891671.44,911871.9
2012-10-26,9,549731.49,563796.3
2012-10-26,10,1744349.05,1.8228059e+06
2012-10-26,11,1200729.45,1.286518e+06
2012-10-26,12,974697.6,958638.1
2012-10-26,13,2035189.66,2.0734804e+06
2012-10-26,14,1704357.62,1.6832198e+06
2012-10-26,15,558473.6,587899.3
2012-10-26,16,475770.14,555456.5
2012-10-26,17,943465.29,999452.3
2012-10-26,18,1127516.25,1.0489038e+06
2012-10-26,19,1322117.96,1.4035226e+06
2012-10-26,20,2031650.55,2.0736962e+06
2012-10-26,21,675202.87,677700.6
2012-10-26,22,1094422.69,1.0419625e+06
2012-10-26,23,1347454.59,1.4533646e+06
2012-10-26,24,1307182.29,1.3293671e+06
2012-10-26,25,688940.94,714439.25
2012-10-26,26,958619.8,1.0180738e+06
2012-10-26,27,1703047.74,1.6932209e+06
2012-10-26,28,1213860.61,1.1826708e+06
2012-10-26,29,534970.68,529370.44
2012-10-26,30,439424.5,433842.44
2012-10-26,31,1340232.55,1.3730288e+06
2012-10-26,32,1219979.29,1.2138681e+06
2012-10-26,33,253731.13,247418.45
2012-10-26,34,956987.81,964609.5
2012-10-26,35,865137.6,866111.25
2012-10-26,36,272489.41,302468.56
2012-10-26,37,534738.43,548326.7
2012-10-26,38,417290.38,428171.38
2012-10-26,39,1569502.0,1.57835e+06
2012-10-26,40,921264.52,970348.9
2012-10-26,41,1316542.59,1.3659278e+06
2012-10-26,42,514756.08,525592.44
2012-10-26,43,587603.55,612685.1
2012-10-26,44,361067.07,346941.34
2012-10-26,45,760281.43,755678.94
